number,background,body,hat,accessory
995,Hypno,Normal Banana,King Crown,Jet Pack
994,NanaOs Xp,Eggplant Banana,Screw,Golden Pan
993,Blue Splash,Plastic Banana,Headband,Fog Stick
992,Frankenstein,Robot Banana,Solana Sunglasses,Party Horn
991,Circuit Board,Green Banana,Banana Hat,Mermaid Tail
990,Ocean,Mermaid Banana,Sharp Horns,Necktie
989,Grey Splash,Mermaid Banana,Over 9000,Party Horn
988,Desert,Bitcoin Banana,Headset,Hawaiian Leaf Skirt
987,Grey Splash,Plastic Banana,Stick Crown,Brand Sticker
986,Green Fire,Solana Banana,Skull,Crypto Wallet
985,Leafy,Pink Banana,Sweets,Sword
984,Pink Paradise,Frankenstein Banana,Solana Sunglasses,Necktie
983,Banana Peel,Mermaid Banana,Monocle,Spoon
982,Grey Splash,Cow Banana,Hard Hat,Angel Wings
981,Grey Splash,Zombie Banana,Skull,Dog Tag
980,Banana Peel,Green Banana,Yo-Yo,Mermaid Tail
979,Maze,Icy Banana,Basket Ball,Frankenstein Bone
978,Ocean,Googly Eyes Banana,Magician Hat,Frankenstein Bone
977,Desert,Face Banana,Headset,Spoon
976,Fire,Cracked Banana,Banana Hat,Banana
975,Blue Splash,Empty Banana,Frankenstein Hand,Bat Wings
974,Fire,Pink Banana,Laser,Core
973,Maze,Brown Banana,Sunglasses,Fairy Wand
972,Frankenstein,Normal Banana,Horns,Trident
971,Maze,Bitcoin Banana,Horns,Trident
970,Barbed Wire,Robot Banana,3D Glasses,Sword
969,Ocean,Face Banana,Golden Horns Collar,Control Panel
968,Starry Night,Cow Banana,Sores,Cow Collar
967,Barbed Wire,Red Banana,Sunglasses,Dog Tag
966,Barbed Wire,Monkey Banana,Headband,Bow Tie
965,Desert,Normal Banana,Sweets,Bat Wings
964,Starry Night,Unripe Banana,Banana Hat,Cow Collar
963,Leafy,Frankenstein Banana,Yo-Yo,Cow Collar
962,Frankenstein,Googly Eyes Banana,Worms,Bat Wings
961,Desert,Solana Banana,Solana Green Hat,Mermaid Tail
960,Fire,Brown Banana,Banana Hat,Fog Stick
959,Grey Splash,Empty Banana,Solana Green Hat,Fairy Wand
958,Maze,Zombie Banana,Screw,Holy Heart
957,Ocean,Plastic Banana,Sores,Brand Sticker
956,Starry Night,Plastic Banana,Sunglasses,Core
955,Circuit Board,Naked Banana,Laser,Jet Pack
954,City Night,Pink Banana,Screw,Banana
953,Blue Splash,Pink Banana,Stick Crown,Peeled Sticker
952,Pink Paradise,Zombie Banana,Basket Ball,Jet Pack
951,Green Fire,Green Banana,Headband,Banana
950,Circuit Board,Banarchy Banana,Evil Horns,Holy Heart
949,Starry Night,Cracked Banana,Sharp Horns,Golden Pan
948,Ocean,Cow Banana,Star,Spoon
947,Pink Paradise,Banarchy Banana,Screw,Core
946,Hypno,Spooky Eye Banana,Skull,Control Panel
945,Frankenstein,Mermaid Banana,Horns,Mermaid Tail
944,Leafy,Brown Banana,Sweets,Sword
943,Ocean,Spooky Eye Banana,Hard Hat,Frankenstein Bone
942,Blood Bath,Spooky Eye Banana,Sunglasses,Sword
941,NanaOs Xp,Icy Banana,Golden Horns Collar,Necktie
940,Green Fire,Green Banana,Solana Sunglasses,Fog Stick
939,Barbed Wire,Bitcoin Banana,Frankenstein Hand,Peeled Sticker
938,Desert,Zombie Banana,Ski Glasses,Cow Collar
937,Grey Splash,Stained Banana,Sores,Fairy Wand
936,Frankenstein,Pink Banana,Sores,Brand Sticker
935,Frankenstein,Bitten Banana,Headset,Bat Wings
934,Frankenstein,Fire Banana,Magician Hat,Holy Heart
933,Pink Paradise,Face Banana,Evil Horns,Banana
932,Grey Splash,Mermaid Banana,Star,Banana
931,Frankenstein,Fire Banana,Sharp Horns,Frankenstein Bone
930,Barbed Wire,Zombie Banana,King Crown,Golden Pan
929,Desert,Spooky Eye Banana,Headset,Peeled Sticker
928,Green Fire,Spooky Eye Banana,Frankenstein Hand,Peeled Sticker
927,Maze,Cosmos Banana,Yo-Yo,Spoon
926,Ocean,Plastic Banana,Sweets,Hawaiian Leaf Skirt
925,Blue Splash,Mermaid Banana,Army Beret,Golden Pan
924,Leafy,Cosmos Banana,Monocle,Golden Pan
923,Green Fire,Cosmos Banana,Headband,Cow Collar
922,Pink Paradise,Frankenstein Banana,3D Glasses,Party Horn
921,Starry Night,Pink Banana,Horns,Brand Sticker
920,Blue Splash,Icy Banana,Sweets,Golden Pan
919,Leafy,Plastic Banana,Magician Hat,Core
918,Holy Light,Rainbow Banana,Magician Hat,Party Horn
917,Starry Night,Unripe Banana,Skull,Party Horn
916,Fire,Green Banana,Over 9000,Mermaid Tail
915,Maze,Plastic Banana,Hard Hat,Bat Wings
914,Hypno,Frankenstein Banana,Basket Ball,Bow Tie
913,Blue Splash,Brown Banana,Skull,Hawaiian Leaf Skirt
912,Holy Light,Brown Banana,Stick Crown,Cow Udders
911,Blood Bath,Pink Banana,Headband,Mermaid Tail
910,Leafy,Monkey Banana,Sores,Jet Pack
909,Maze,Empty Banana,Ski Glasses,Peeled Sticker
908,Holy Light,Fire Banana,King Crown,Holy Heart
907,Green Fire,Green Banana,Frankenstein Hand,Rifle
906,Leafy,Icy Banana,Over 9000,Fog Stick
905,Holy Light,Eggplant Banana,Over 9000,Banana
904,Leafy,Forest Camo Banana,Screw,Angel Wings
903,Hypno,Brown Banana,Headset,Jet Pack
902,Grey Splash,Naked Banana,Sweets,Solana Sticker
901,Pink Paradise,Solana Banana,Sunglasses,Spoon
900,Desert,Normal Banana,Army Beret,Dog Tag
899,Green Fire,Bitcoin Banana,Over 9000,Golden Pan
898,Fire,Rainbow Banana,Yo-Yo,Chainsaw
897,City Night,Cracked Banana,Hard Hat,Spoon
896,Banana Peel,Red Banana,Sweets,Banana
895,Green Fire,Robot Banana,Sunglasses,Crypto Wallet
894,Fire,Robot Banana,King Crown,Frankenstein Bone
893,Ocean,Brown Banana,Star,Golden Pan
892,Grey Splash,Bitten Banana,Stick Crown,Necktie
891,Solana,Empty Banana,Basket Ball,Golden Pan
890,Desert,Naked Banana,Stick Crown,Cow Udders
889,City Night,Fire Banana,Star,Dog Tag
888,Solana,Cosmos Banana,Banana Hat,Chainsaw
887,Banana Peel,Pink Banana,Hard Hat,Jet Pack
886,Circuit Board,Normal Banana,Headset,Solana Sticker
885,Leafy,Mermaid Banana,Horns,Frankenstein Bone
884,Solana,Frankenstein Banana,Basket Ball,Control Panel
883,Pink Paradise,Brown Banana,Monocle,Angel Wings
882,Solana,Cosmos Banana,Worms,Fairy Wings
881,Circuit Board,Plastic Banana,Sweets,Cow Udders
880,City Night,Stained Banana,Monocle,Hawaiian Leaf Skirt
879,Fire,Brown Banana,Headband,Spoon
878,Blood Bath,Plastic Banana,Skull,Gas Mask
877,Maze,Monkey Banana,Ski Glasses,Golden Pan
876,Solana,Icy Banana,Magician Hat,Control Panel
875,NanaOs Xp,Bitten Banana,Screw,Fairy Wand
874,Pink Paradise,Solana Banana,3D Glasses,Cow Udders
873,Green Fire,Fire Banana,Stick Crown,Rifle
872,Leafy,Plastic Banana,Stick Crown,Mermaid Tail
871,Barbed Wire,Bitcoin Banana,Golden Horns Collar,Gas Mask
870,Leafy,Pink Banana,Sunglasses,Fog Stick
869,Grey Splash,Pink Banana,King Crown,Fog Stick
868,Frankenstein,Monkey Banana,Yo-Yo,Cow Udders
867,Desert,Stained Banana,3D Glasses,Cow Collar
866,Hypno,Cracked Banana,Laser,Gas Mask
865,Desert,Cow Banana,Ski Glasses,Spoon
864,Blood Bath,Naked Banana,Headset,Bat Wings
863,Barbed Wire,Bitten Banana,3D Glasses,Cow Collar
862,Blue Splash,Mermaid Banana,Sunglasses,Party Horn
861,Blue Splash,Cow Banana,Laser,Solana Sticker
860,Starry Night,Rainbow Banana,King Crown,Cow Udders
859,Leafy,Spooky Eye Banana,Ski Glasses,Bat Wings
858,NanaOs Xp,Rainbow Banana,Visor,Peeled Sticker
857,Leafy,Normal Banana,Headset,Peeled Sticker
856,Solana,Bitcoin Banana,Visor,Fairy Wand
855,Green Fire,Face Banana,Hard Hat,Gas Mask
854,Starry Night,Plastic Banana,Visor,Bat Wings
853,Fire,Naked Banana,Monocle,Dog Tag
852,Blood Bath,Empty Banana,Evil Horns,Bat Wings
851,Desert,Naked Banana,Horns,Golden Pan
850,City Night,Zombie Banana,Basket Ball,Dog Tag
849,NanaOs Xp,Cow Banana,Over 9000,Angel Wings
848,Barbed Wire,Cow Banana,Solana Green Hat,Mermaid Tail
847,Barbed Wire,Plastic Banana,Army Beret,Fairy Wand
846,Desert,Stained Banana,Skull,Frankenstein Bone
845,Grey Splash,Spooky Eye Banana,Banana Hat,Holy Heart
844,Leafy,Fire Banana,Visor,Fairy Wings
843,Solana,Stained Banana,Star,Bow Tie
842,Ocean,Unripe Banana,Headset,Chainsaw
841,Holy Light,Googly Eyes Banana,Star,Fog Stick
840,City Night,Eggplant Banana,Visor,Mermaid Tail
839,Blue Splash,Rainbow Banana,Army Beret,Peeled Sticker
838,NanaOs Xp,Unripe Banana,Hard Hat,Bat Wings
837,NanaOs Xp,Zombie Banana,Monocle,Fairy Wings
836,Maze,Eggplant Banana,Sweets,Gas Mask
835,Desert,Bitcoin Banana,Hard Hat,Fairy Wings
834,Green Fire,Bitten Banana,Horns,Frankenstein Bone
833,Pink Paradise,Frankenstein Banana,Screw,Fairy Wings
832,Ocean,Brown Banana,Solana Sunglasses,Frankenstein Bone
831,Banana Peel,Mermaid Banana,Laser,Cow Collar
830,Holy Light,Robot Banana,Headband,Banana
829,Grey Splash,Normal Banana,Skull,Cow Udders
828,Holy Light,Frankenstein Banana,Horns,Fairy Wand
827,NanaOs Xp,Empty Banana,3D Glasses,Golden Pan
826,Fire,Banarchy Banana,Hard Hat,Brand Sticker
825,Fire,Bitcoin Banana,Yo-Yo,Angel Wings
824,Blood Bath,Normal Banana,Sores,Banana
823,Fire,Plastic Banana,Monocle,Rifle
822,Ocean,Cosmos Banana,Screw,Spoon
821,Banana Peel,Mermaid Banana,Solana Sunglasses,Peeled Sticker
820,Holy Light,Zombie Banana,Horns,Control Panel
819,Holy Light,Cosmos Banana,Solana Sunglasses,Spoon
818,Blue Splash,Face Banana,Golden Horns Collar,Party Horn
817,Holy Light,Solana Banana,Headband,Cow Collar
816,Grey Splash,Zombie Banana,Laser,Holy Heart
815,Maze,Zombie Banana,Ski Glasses,Bat Wings
814,Hypno,Robot Banana,Star,Golden Pan
813,Green Fire,Empty Banana,Sweets,Frankenstein Bone
812,Hypno,Solana Banana,Sweets,Cow Udders
811,Solana,Fire Banana,Banana Hat,Fairy Wings
810,NanaOs Xp,Plastic Banana,Headset,Core
809,Frankenstein,Googly Eyes Banana,Sharp Horns,Frankenstein Bone
808,Holy Light,Unripe Banana,Stick Crown,Hawaiian Leaf Skirt
807,Ocean,Banarchy Banana,Magician Hat,Golden Pan
806,Frankenstein,Green Banana,3D Glasses,Frankenstein Bone
805,Desert,Stained Banana,3D Glasses,Solana Sticker
804,Frankenstein,Bitten Banana,Stick Crown,Jet Pack
803,Grey Splash,Green Banana,Basket Ball,Control Panel
802,Hypno,Normal Banana,Headband,Brand Sticker
801,Holy Light,Pink Banana,Stick Crown,Fairy Wand
800,Banana Peel,Bitten Banana,Solana Green Hat,Golden Pan
799,Blood Bath,Normal Banana,Golden Horns Collar,Bat Wings
798,Maze,Solana Banana,Visor,Party Horn
797,Frankenstein,Green Banana,Hard Hat,Peeled Sticker
796,Blood Bath,Monkey Banana,Army Beret,Banana
795,Pink Paradise,Banarchy Banana,Laser,Angel Wings
794,Starry Night,Icy Banana,Horns,Core
793,Banana Peel,Normal Banana,Sores,Bat Wings
792,Solana,Normal Banana,Worms,Cow Collar
791,Frankenstein,Zombie Banana,Golden Horns Collar,Trident
790,Maze,Cosmos Banana,Visor,Holy Heart
789,Starry Night,Monkey Banana,Laser,Gas Mask
788,Grey Splash,Spooky Eye Banana,Worms,Party Horn
787,Starry Night,Empty Banana,Solana Sunglasses,Brand Sticker
786,Fire,Forest Camo Banana,Screw,Cow Collar
785,Holy Light,Rainbow Banana,Worms,Fairy Wings
784,City Night,Mermaid Banana,Headband,Golden Pan
783,Green Fire,Rainbow Banana,Sharp Horns,Rifle
782,Fire,Robot Banana,Yo-Yo,Crypto Wallet
781,Barbed Wire,Mermaid Banana,Headband,Brand Sticker
780,Desert,Naked Banana,Evil Horns,Hawaiian Leaf Skirt
779,Frankenstein,Bitten Banana,Solana Green Hat,Crypto Wallet
778,Hypno,Normal Banana,Stick Crown,Control Panel
777,Hypno,Normal Banana,Hard Hat,Peeled Sticker
776,Blood Bath,Face Banana,Evil Horns,Angel Wings
775,Frankenstein,Naked Banana,Magician Hat,Dog Tag
774,Hypno,Banarchy Banana,Hard Hat,Solana Sticker
773,Barbed Wire,Pink Banana,Evil Horns,Necktie
772,Blue Splash,Unripe Banana,Evil Horns,Cow Udders
771,Blood Bath,Normal Banana,Worms,Bat Wings
770,Solana,Banarchy Banana,Skull,Chainsaw
769,Frankenstein,Bitten Banana,Sharp Horns,Fairy Wand
768,Starry Night,Plastic Banana,Worms,Party Horn
767,Starry Night,Stained Banana,Screw,Frankenstein Bone
766,Green Fire,Naked Banana,3D Glasses,Jet Pack
765,Maze,Cosmos Banana,Headset,Solana Sticker
764,Blue Splash,Mermaid Banana,Hard Hat,Core
762,Blood Bath,Fire Banana,Headset,Core
761,Grey Splash,Cow Banana,Frankenstein Hand,Hawaiian Leaf Skirt
760,Grey Splash,Face Banana,Army Beret,Angel Wings
759,Blue Splash,Bitten Banana,Horns,Peeled Sticker
758,Desert,Forest Camo Banana,Horns,Brand Sticker
757,Solana,Unripe Banana,Golden Horns Collar,Control Panel
756,Circuit Board,Spooky Eye Banana,Monocle,Dog Tag
755,City Night,Mermaid Banana,Laser,Fairy Wand
754,Pink Paradise,Googly Eyes Banana,Evil Horns,Necktie
753,Frankenstein,Fire Banana,Screw,Cow Collar
752,Circuit Board,Monkey Banana,Sunglasses,Holy Heart
751,Hypno,Frankenstein Banana,Headband,Bat Wings
750,Leafy,Robot Banana,Headset,Golden Pan
749,NanaOs Xp,Bitten Banana,Monocle,Frankenstein Bone
748,Holy Light,Naked Banana,Frankenstein Hand,Sword
747,Pink Paradise,Plastic Banana,Sunglasses,Bow Tie
746,Leafy,Eggplant Banana,Yo-Yo,Frankenstein Bone
745,Grey Splash,Zombie Banana,Headband,Control Panel
744,Holy Light,Icy Banana,Stick Crown,Fairy Wand
743,Solana,Pink Banana,Solana Sunglasses,Fairy Wings
742,Solana,Plastic Banana,Skull,Bow Tie
741,City Night,Brown Banana,Sharp Horns,Fairy Wand
740,Circuit Board,Cow Banana,3D Glasses,Angel Wings
739,Holy Light,Robot Banana,Banana Hat,Banana
738,Grey Splash,Brown Banana,Over 9000,Fog Stick
737,Ocean,Cosmos Banana,Solana Green Hat,Crypto Wallet
736,Blood Bath,Mermaid Banana,Ski Glasses,Fairy Wings
735,Leafy,Unripe Banana,Hard Hat,Gas Mask
734,Barbed Wire,Eggplant Banana,King Crown,Necktie
733,Frankenstein,Plastic Banana,Army Beret,Angel Wings
732,Pink Paradise,Stained Banana,Headset,Core
731,Barbed Wire,Zombie Banana,Yo-Yo,Control Panel
730,Ocean,Zombie Banana,Sharp Horns,Mermaid Tail
729,Frankenstein,Bitten Banana,Headband,Control Panel
728,Grey Splash,Brown Banana,Yo-Yo,Peeled Sticker
727,Banana Peel,Empty Banana,Evil Horns,Fairy Wings
726,Blood Bath,Pink Banana,Star,Brand Sticker
725,Leafy,Bitcoin Banana,Magician Hat,Trident
724,City Night,Robot Banana,Ski Glasses,Dog Tag
723,City Night,Robot Banana,Sores,Banana
722,City Night,Plastic Banana,Army Beret,Spoon
721,Fire,Robot Banana,Yo-Yo,Frankenstein Bone
720,Green Fire,Robot Banana,Monocle,Necktie
719,Ocean,Plastic Banana,Banana Hat,Frankenstein Bone
718,Fire,Bitten Banana,Stick Crown,Control Panel
717,NanaOs Xp,Zombie Banana,Sharp Horns,Fairy Wings
716,Desert,Frankenstein Banana,Sores,Solana Sticker
715,Grey Splash,Empty Banana,Sunglasses,Solana Sticker
714,Blood Bath,Zombie Banana,Headset,Gas Mask
713,Barbed Wire,Naked Banana,Banana Hat,Rifle
712,City Night,Spooky Eye Banana,Golden Horns Collar,Solana Sticker
711,Blue Splash,Unripe Banana,Solana Green Hat,Fairy Wand
710,Barbed Wire,Eggplant Banana,Yo-Yo,Fairy Wings
709,Maze,Stained Banana,Headset,Mermaid Tail
708,Barbed Wire,Stained Banana,Headset,Party Horn
707,Leafy,Banarchy Banana,Monocle,Banana
706,Solana,Naked Banana,Sunglasses,Solana Sticker
705,Hypno,Monkey Banana,Laser,Banana
704,Blood Bath,Green Banana,Headset,Cow Collar
703,Green Fire,Bitten Banana,Headset,Crypto Wallet
702,Fire,Green Banana,Visor,Fairy Wand
701,NanaOs Xp,Fire Banana,Basket Ball,Solana Sticker
700,Circuit Board,Frankenstein Banana,Monocle,Control Panel
699,Leafy,Red Banana,Yo-Yo,Core
698,Solana,Rainbow Banana,Star,Trident
697,Circuit Board,Banarchy Banana,Laser,Holy Heart
696,City Night,Cosmos Banana,Evil Horns,Fairy Wand
695,Fire,Eggplant Banana,Solana Green Hat,Rifle
694,Starry Night,Icy Banana,Solana Sunglasses,Core
693,Starry Night,Frankenstein Banana,Worms,Spoon
692,Barbed Wire,Forest Camo Banana,Magician Hat,Bat Wings
691,Desert,Cosmos Banana,Laser,Fairy Wand
690,Ocean,Banarchy Banana,Solana Green Hat,Brand Sticker
689,Circuit Board,Fire Banana,Sores,Spoon
688,City Night,Eggplant Banana,Frankenstein Hand,Bow Tie
687,Blue Splash,Green Banana,Laser,Core
686,Desert,Fire Banana,Golden Horns Collar,Angel Wings
685,Blood Bath,Face Banana,Basket Ball,Cow Udders
684,Hypno,Mermaid Banana,3D Glasses,Gas Mask
683,Barbed Wire,Red Banana,Basket Ball,Angel Wings
682,Barbed Wire,Normal Banana,Basket Ball,Hawaiian Leaf Skirt
681,Hypno,Monkey Banana,Sores,Sword
680,Blood Bath,Icy Banana,Solana Sunglasses,Sword
679,Maze,Naked Banana,Golden Horns Collar,Hawaiian Leaf Skirt
678,Desert,Brown Banana,Sharp Horns,Cow Collar
677,Blue Splash,Spooky Eye Banana,Visor,Fairy Wand
676,Blue Splash,Red Banana,Star,Rifle
675,Blue Splash,Red Banana,Laser,Hawaiian Leaf Skirt
674,Banana Peel,Bitten Banana,Star,Mermaid Tail
673,Green Fire,Cow Banana,Star,Fog Stick
672,Barbed Wire,Pink Banana,Sunglasses,Spoon
671,NanaOs Xp,Eggplant Banana,Sweets,Fairy Wings
670,Fire,Mermaid Banana,Skull,Fog Stick
669,Pink Paradise,Brown Banana,Horns,Bat Wings
668,Frankenstein,Normal Banana,Sweets,Gas Mask
667,NanaOs Xp,Icy Banana,Horns,Dog Tag
666,Pink Paradise,Normal Banana,Headset,Jet Pack
665,Frankenstein,Brown Banana,Skull,Cow Udders
664,Holy Light,Icy Banana,Over 9000,Frankenstein Bone
663,Barbed Wire,Green Banana,Basket Ball,Crypto Wallet
662,Fire,Plastic Banana,Solana Green Hat,Solana Sticker
661,Fire,Monkey Banana,Laser,Sword
660,Banana Peel,Frankenstein Banana,Army Beret,Frankenstein Bone
659,Leafy,Mermaid Banana,Yo-Yo,Sword
658,Grey Splash,Eggplant Banana,Headset,Necktie
657,Fire,Monkey Banana,Golden Horns Collar,Peeled Sticker
656,Hypno,Cracked Banana,3D Glasses,Gas Mask
655,Frankenstein,Icy Banana,Sores,Party Horn
654,Banana Peel,Zombie Banana,3D Glasses,Peeled Sticker
653,Hypno,Rainbow Banana,Headband,Spoon
652,Solana,Eggplant Banana,Skull,Fairy Wings
651,Holy Light,Eggplant Banana,Sharp Horns,Fog Stick
650,Pink Paradise,Monkey Banana,Solana Green Hat,Cow Collar
649,Fire,Eggplant Banana,Basket Ball,Sword
648,Maze,Rainbow Banana,Skull,Cow Udders
647,Pink Paradise,Brown Banana,Solana Green Hat,Party Horn
646,Blood Bath,Cracked Banana,Hard Hat,Fog Stick
645,City Night,Cracked Banana,Golden Horns Collar,Sword
644,Hypno,Eggplant Banana,Solana Green Hat,Solana Sticker
643,Circuit Board,Frankenstein Banana,Worms,Dog Tag
642,Blue Splash,Zombie Banana,Stick Crown,Crypto Wallet
641,Blue Splash,Unripe Banana,3D Glasses,Frankenstein Bone
640,Ocean,Brown Banana,Stick Crown,Bow Tie
639,Green Fire,Face Banana,Headband,Frankenstein Bone
638,Starry Night,Unripe Banana,Yo-Yo,Peeled Sticker
637,Banana Peel,Monkey Banana,Yo-Yo,Rifle
636,Hypno,Face Banana,Frankenstein Hand,Bat Wings
635,Fire,Monkey Banana,Solana Sunglasses,Frankenstein Bone
634,Maze,Bitcoin Banana,Yo-Yo,Cow Udders
633,City Night,Green Banana,Screw,Control Panel
632,Banana Peel,Plastic Banana,Worms,Angel Wings
631,Circuit Board,Googly Eyes Banana,Horns,Fairy Wings
630,Desert,Mermaid Banana,King Crown,Mermaid Tail
629,Holy Light,Mermaid Banana,Magician Hat,Hawaiian Leaf Skirt
628,Leafy,Brown Banana,Army Beret,Necktie
627,Barbed Wire,Plastic Banana,Worms,Holy Heart
626,Desert,Bitcoin Banana,Magician Hat,Spoon
625,City Night,Cracked Banana,Sweets,Necktie
624,Ocean,Monkey Banana,Monocle,Party Horn
623,Ocean,Rainbow Banana,Sores,Trident
622,City Night,Stained Banana,Headband,Fog Stick
621,Solana,Red Banana,Laser,Sword
620,Leafy,Pink Banana,Golden Horns Collar,Dog Tag
619,Blood Bath,Plastic Banana,King Crown,Brand Sticker
618,Banana Peel,Forest Camo Banana,Banana Hat,Dog Tag
617,Starry Night,Brown Banana,Magician Hat,Frankenstein Bone
616,Barbed Wire,Rainbow Banana,Worms,Trident
615,NanaOs Xp,Cow Banana,Visor,Frankenstein Bone
614,Hypno,Robot Banana,Army Beret,Core
613,Leafy,Stained Banana,Over 9000,Holy Heart
612,Blue Splash,Cracked Banana,Solana Sunglasses,Chainsaw
611,Banana Peel,Empty Banana,Yo-Yo,Bat Wings
610,Solana,Robot Banana,Sweets,Dog Tag
609,Barbed Wire,Icy Banana,Basket Ball,Golden Pan
608,Grey Splash,Red Banana,Sharp Horns,Rifle
607,Hypno,Eggplant Banana,Basket Ball,Fairy Wings
606,Barbed Wire,Green Banana,Headband,Trident
605,Holy Light,Stained Banana,Sweets,Crypto Wallet
604,NanaOs Xp,Naked Banana,King Crown,Mermaid Tail
603,Solana,Green Banana,Sharp Horns,Fairy Wings
602,Fire,Frankenstein Banana,Laser,Jet Pack
601,Grey Splash,Solana Banana,Frankenstein Hand,Fog Stick
600,Circuit Board,Monkey Banana,King Crown,Chainsaw
599,Blue Splash,Brown Banana,Evil Horns,Party Horn
598,NanaOs Xp,Naked Banana,Hard Hat,Fairy Wings
597,Grey Splash,Green Banana,3D Glasses,Necktie
596,Fire,Forest Camo Banana,Basket Ball,Cow Udders
595,Starry Night,Empty Banana,Sweets,Rifle
594,City Night,Zombie Banana,Stick Crown,Dog Tag
593,Barbed Wire,Cosmos Banana,Laser,Spoon
592,Barbed Wire,Forest Camo Banana,Solana Green Hat,Trident
591,Circuit Board,Solana Banana,Magician Hat,Cow Udders
590,Circuit Board,Fire Banana,Star,Chainsaw
589,Solana,Green Banana,Golden Horns Collar,Sword
588,Barbed Wire,Zombie Banana,Magician Hat,Necktie
587,Grey Splash,Pink Banana,3D Glasses,Brand Sticker
586,Hypno,Cosmos Banana,Basket Ball,Fog Stick
585,City Night,Forest Camo Banana,Sweets,Golden Pan
584,Holy Light,Rainbow Banana,Evil Horns,Sword
583,Banana Peel,Zombie Banana,Solana Sunglasses,Angel Wings
582,Maze,Green Banana,Visor,Control Panel
581,Ocean,Plastic Banana,Horns,Bat Wings
580,Frankenstein,Googly Eyes Banana,Magician Hat,Necktie
579,Fire,Brown Banana,Stick Crown,Golden Pan
578,Hypno,Brown Banana,Solana Sunglasses,Gas Mask
577,Green Fire,Normal Banana,Army Beret,Jet Pack
576,Desert,Forest Camo Banana,King Crown,Rifle
575,City Night,Frankenstein Banana,Sharp Horns,Gas Mask
574,Grey Splash,Cow Banana,King Crown,Cow Collar
573,Maze,Eggplant Banana,Frankenstein Hand,Party Horn
572,Blood Bath,Plastic Banana,Screw,Necktie
571,Blue Splash,Empty Banana,Horns,Rifle
570,NanaOs Xp,Mermaid Banana,Star,Solana Sticker
569,NanaOs Xp,Red Banana,Laser,Angel Wings
568,NanaOs Xp,Bitcoin Banana,Basket Ball,Crypto Wallet
567,Solana,Monkey Banana,Golden Horns Collar,Holy Heart
566,Fire,Unripe Banana,Monocle,Fairy Wand
565,Ocean,Cracked Banana,Sweets,Crypto Wallet
564,Frankenstein,Bitten Banana,Yo-Yo,Control Panel
563,Holy Light,Bitten Banana,Magician Hat,Crypto Wallet
562,Maze,Bitcoin Banana,Headset,Party Horn
561,Blood Bath,Cosmos Banana,Visor,Angel Wings
560,NanaOs Xp,Brown Banana,Sores,Bow Tie
559,Green Fire,Green Banana,King Crown,Solana Sticker
558,Maze,Icy Banana,Star,Chainsaw
557,Circuit Board,Monkey Banana,Magician Hat,Angel Wings
556,Leafy,Empty Banana,Stick Crown,Crypto Wallet
555,Circuit Board,Banarchy Banana,Solana Sunglasses,Solana Sticker
554,Hypno,Forest Camo Banana,Golden Horns Collar,Fairy Wings
553,Leafy,Cracked Banana,Sharp Horns,Dog Tag
552,Banana Peel,Eggplant Banana,Star,Fairy Wings
551,Banana Peel,Normal Banana,Banana Hat,Gas Mask
550,Desert,Stained Banana,Sweets,Crypto Wallet
549,Circuit Board,Rainbow Banana,Star,Spoon
548,Blood Bath,Solana Banana,Banana Hat,Banana
547,Holy Light,Plastic Banana,Sunglasses,Holy Heart
546,Blue Splash,Cracked Banana,Headset,Jet Pack
545,Hypno,Stained Banana,Sores,Gas Mask
544,Green Fire,Plastic Banana,Solana Sunglasses,Peeled Sticker
543,Grey Splash,Pink Banana,Monocle,Golden Pan
542,Banana Peel,Banarchy Banana,3D Glasses,Frankenstein Bone
541,Frankenstein,Empty Banana,Star,Bat Wings
540,Pink Paradise,Plastic Banana,Horns,Bow Tie
539,Maze,Mermaid Banana,Golden Horns Collar,Necktie
538,NanaOs Xp,Frankenstein Banana,Visor,Solana Sticker
537,Grey Splash,Mermaid Banana,Stick Crown,Party Horn
536,Maze,Normal Banana,Headband,Banana
535,Blood Bath,Fire Banana,Solana Sunglasses,Spoon
534,Solana,Monkey Banana,Basket Ball,Rifle
533,Holy Light,Bitten Banana,Magician Hat,Bat Wings
532,Hypno,Empty Banana,3D Glasses,Cow Udders
531,Circuit Board,Rainbow Banana,Hard Hat,Rifle
530,Frankenstein,Robot Banana,King Crown,Frankenstein Bone
529,Blue Splash,Plastic Banana,Visor,Bat Wings
528,Hypno,Pink Banana,Ski Glasses,Control Panel
527,City Night,Cosmos Banana,Sharp Horns,Jet Pack
526,Blue Splash,Unripe Banana,Laser,Crypto Wallet
525,Circuit Board,Pink Banana,Screw,Crypto Wallet
524,City Night,Cow Banana,King Crown,Angel Wings
523,Blue Splash,Unripe Banana,Solana Sunglasses,Trident
522,Fire,Green Banana,Banana Hat,Bow Tie
521,Green Fire,Cosmos Banana,3D Glasses,Core
520,City Night,Rainbow Banana,Sunglasses,Fairy Wings
519,Fire,Frankenstein Banana,Laser,Angel Wings
518,Starry Night,Cracked Banana,Laser,Mermaid Tail
517,Starry Night,Brown Banana,Worms,Brand Sticker
516,Starry Night,Empty Banana,Solana Green Hat,Gas Mask
515,Banana Peel,Zombie Banana,Basket Ball,Dog Tag
514,Circuit Board,Bitcoin Banana,Army Beret,Dog Tag
513,Maze,Zombie Banana,Worms,Fairy Wand
512,Desert,Unripe Banana,Basket Ball,Spoon
511,Pink Paradise,Unripe Banana,Star,Core
510,Green Fire,Frankenstein Banana,Golden Horns Collar,Gas Mask
509,Leafy,Monkey Banana,Monocle,Fairy Wand
508,Pink Paradise,Red Banana,Stick Crown,Dog Tag
507,City Night,Solana Banana,Visor,Chainsaw
506,Blue Splash,Cow Banana,Over 9000,Fairy Wand
505,Circuit Board,Cracked Banana,Stick Crown,Necktie
504,NanaOs Xp,Monkey Banana,Golden Horns Collar,Mermaid Tail
503,Fire,Cracked Banana,Sweets,Dog Tag
502,Blue Splash,Naked Banana,Headband,Fairy Wand
501,Leafy,Red Banana,Magician Hat,Holy Heart
500,Maze,Banarchy Banana,Sharp Horns,Angel Wings
499,NanaOs Xp,Spooky Eye Banana,Headband,Party Horn
498,Green Fire,Empty Banana,Laser,Rifle
497,Desert,Fire Banana,Sores,Frankenstein Bone
496,Ocean,Frankenstein Banana,Hard Hat,Holy Heart
495,NanaOs Xp,Face Banana,Hard Hat,Bow Tie
494,Banana Peel,Fire Banana,King Crown,Cow Udders
493,Grey Splash,Eggplant Banana,Skull,Crypto Wallet
492,Leafy,Green Banana,Visor,Party Horn
491,Fire,Zombie Banana,Banana Hat,Peeled Sticker
490,Barbed Wire,Eggplant Banana,Magician Hat,Bat Wings
489,Frankenstein,Icy Banana,Visor,Jet Pack
488,City Night,Solana Banana,Yo-Yo,Angel Wings
487,Pink Paradise,Forest Camo Banana,Golden Horns Collar,Fairy Wand
486,Solana,Cow Banana,Solana Sunglasses,Cow Udders
485,Maze,Cracked Banana,Screw,Gas Mask
484,Ocean,Fire Banana,Screw,Party Horn
483,Frankenstein,Plastic Banana,Evil Horns,Gas Mask
482,Maze,Googly Eyes Banana,Horns,Control Panel
481,Starry Night,Cow Banana,Horns,Party Horn
480,Leafy,Solana Banana,Worms,Fairy Wand
479,Circuit Board,Robot Banana,Ski Glasses,Party Horn
478,Holy Light,Frankenstein Banana,Solana Sunglasses,Gas Mask
477,Green Fire,Empty Banana,Ski Glasses,Necktie
476,Frankenstein,Red Banana,Golden Horns Collar,Holy Heart
475,Blue Splash,Plastic Banana,Screw,Holy Heart
474,Desert,Cow Banana,Sunglasses,Rifle
473,Pink Paradise,Face Banana,Monocle,Brand Sticker
472,Frankenstein,Cracked Banana,Headband,Sword
471,Hypno,Bitten Banana,Basket Ball,Cow Collar
470,Starry Night,Banarchy Banana,Sharp Horns,Rifle
469,Maze,Icy Banana,Magician Hat,Brand Sticker
468,Blood Bath,Unripe Banana,Banana Hat,Fairy Wand
467,Circuit Board,Face Banana,Star,Party Horn
466,Circuit Board,Normal Banana,Skull,Golden Pan
465,Green Fire,Green Banana,Headset,Angel Wings
464,Hypno,Brown Banana,Headband,Hawaiian Leaf Skirt
463,Banana Peel,Pink Banana,Headset,Rifle
462,Hypno,Green Banana,Horns,Crypto Wallet
461,Solana,Eggplant Banana,Over 9000,Party Horn
460,Grey Splash,Rainbow Banana,Horns,Necktie
459,Leafy,Face Banana,Sunglasses,Brand Sticker
458,Desert,Googly Eyes Banana,Worms,Bow Tie
457,Blue Splash,Frankenstein Banana,Monocle,Necktie
456,Holy Light,Naked Banana,Magician Hat,Crypto Wallet
455,Ocean,Spooky Eye Banana,Sores,Bow Tie
454,Barbed Wire,Rainbow Banana,King Crown,Hawaiian Leaf Skirt
453,Pink Paradise,Spooky Eye Banana,Monocle,Peeled Sticker
452,Banana Peel,Spooky Eye Banana,King Crown,Dog Tag
451,City Night,Empty Banana,3D Glasses,Fairy Wings
450,Barbed Wire,Monkey Banana,Horns,Party Horn
449,Desert,Cracked Banana,Headset,Gas Mask
448,Blue Splash,Robot Banana,Sores,Fairy Wand
447,Maze,Fire Banana,Basket Ball,Dog Tag
446,Grey Splash,Forest Camo Banana,3D Glasses,Solana Sticker
445,Blood Bath,Mermaid Banana,Star,Sword
444,Barbed Wire,Naked Banana,King Crown,Fairy Wand
443,Grey Splash,Brown Banana,Army Beret,Cow Collar
442,Frankenstein,Icy Banana,Basket Ball,Peeled Sticker
441,Circuit Board,Normal Banana,Sunglasses,Angel Wings
440,Frankenstein,Empty Banana,Sores,Cow Udders
439,NanaOs Xp,Empty Banana,Laser,Angel Wings
438,Ocean,Red Banana,Basket Ball,Fairy Wand
437,Banana Peel,Fire Banana,Golden Horns Collar,Core
436,Leafy,Robot Banana,Golden Horns Collar,Dog Tag
435,Grey Splash,Cow Banana,Star,Spoon
434,Hypno,Rainbow Banana,Sweets,Mermaid Tail
433,NanaOs Xp,Spooky Eye Banana,3D Glasses,Necktie
432,Holy Light,Cosmos Banana,Sunglasses,Sword
431,NanaOs Xp,Zombie Banana,Banana Hat,Sword
430,Blue Splash,Cracked Banana,Hard Hat,Hawaiian Leaf Skirt
429,Ocean,Red Banana,Stick Crown,Chainsaw
428,Desert,Naked Banana,Evil Horns,Dog Tag
427,NanaOs Xp,Empty Banana,Sunglasses,Sword
426,Desert,Banarchy Banana,Stick Crown,Jet Pack
425,Fire,Banarchy Banana,Army Beret,Core
424,Pink Paradise,Cracked Banana,Stick Crown,Bow Tie
423,Green Fire,Pink Banana,Sores,Brand Sticker
422,Desert,Cracked Banana,Monocle,Sword
421,Solana,Zombie Banana,Yo-Yo,Peeled Sticker
420,Pink Paradise,Plastic Banana,Army Beret,Rifle
419,Ocean,Frankenstein Banana,Star,Mermaid Tail
418,Holy Light,Banarchy Banana,Golden Horns Collar,Trident
417,Maze,Green Banana,Sores,Party Horn
416,NanaOs Xp,Forest Camo Banana,Golden Horns Collar,Necktie
415,Ocean,Mermaid Banana,Solana Green Hat,Rifle
414,Hypno,Cow Banana,Headset,Hawaiian Leaf Skirt
413,Blue Splash,Rainbow Banana,Skull,Cow Collar
412,Frankenstein,Forest Camo Banana,Evil Horns,Crypto Wallet
411,Blue Splash,Solana Banana,Visor,Brand Sticker
410,Barbed Wire,Empty Banana,Visor,Banana
409,Desert,Icy Banana,Hard Hat,Peeled Sticker
408,Circuit Board,Stained Banana,Over 9000,Bat Wings
407,Blood Bath,Plastic Banana,Horns,Golden Pan
406,Holy Light,Empty Banana,Star,Frankenstein Bone
405,Holy Light,Unripe Banana,Banana Hat,Gas Mask
404,Blood Bath,Green Banana,Stick Crown,Cow Collar
403,Banana Peel,Face Banana,Solana Green Hat,Jet Pack
402,City Night,Brown Banana,3D Glasses,Bat Wings
401,Grey Splash,Fire Banana,Ski Glasses,Bow Tie
400,Circuit Board,Unripe Banana,Visor,Chainsaw
399,Leafy,Zombie Banana,Horns,Dog Tag
398,Blood Bath,Normal Banana,Solana Green Hat,Dog Tag
397,Fire,Brown Banana,Star,Frankenstein Bone
396,Frankenstein,Googly Eyes Banana,Hard Hat,Core
395,Circuit Board,Pink Banana,Banana Hat,Frankenstein Bone
394,Pink Paradise,Frankenstein Banana,3D Glasses,Crypto Wallet
393,Hypno,Plastic Banana,Hard Hat,Cow Collar
392,Blood Bath,Bitcoin Banana,Hard Hat,Necktie
391,City Night,Solana Banana,Star,Brand Sticker
390,NanaOs Xp,Unripe Banana,Army Beret,Trident
389,Holy Light,Bitcoin Banana,Horns,Peeled Sticker
388,Green Fire,Green Banana,Horns,Crypto Wallet
387,Blood Bath,Green Banana,Headband,Solana Sticker
386,Frankenstein,Eggplant Banana,Sweets,Jet Pack
385,NanaOs Xp,Green Banana,Solana Sunglasses,Spoon
384,Green Fire,Bitcoin Banana,Basket Ball,Bat Wings
383,Blood Bath,Bitcoin Banana,Solana Green Hat,Bow Tie
382,Holy Light,Forest Camo Banana,Over 9000,Control Panel
381,Hypno,Red Banana,King Crown,Gas Mask
380,City Night,Zombie Banana,Banana Hat,Party Horn
379,Banana Peel,Naked Banana,Headset,Necktie
378,Grey Splash,Forest Camo Banana,Sunglasses,Mermaid Tail
377,Hypno,Pink Banana,Skull,Angel Wings
376,Leafy,Cow Banana,Laser,Gas Mask
375,Barbed Wire,Banarchy Banana,Basket Ball,Cow Udders
374,City Night,Stained Banana,Laser,Golden Pan
373,Maze,Fire Banana,Banana Hat,Gas Mask
372,Leafy,Bitten Banana,Sunglasses,Fairy Wand
371,Green Fire,Pink Banana,King Crown,Trident
370,Green Fire,Eggplant Banana,Sores,Peeled Sticker
369,NanaOs Xp,Frankenstein Banana,Ski Glasses,Cow Collar
368,Starry Night,Face Banana,Monocle,Control Panel
367,Hypno,Eggplant Banana,Stick Crown,Party Horn
366,Starry Night,Rainbow Banana,Sweets,Chainsaw
365,Solana,Cracked Banana,Solana Green Hat,Dog Tag
364,City Night,Banarchy Banana,Monocle,Jet Pack
363,Maze,Stained Banana,Yo-Yo,Solana Sticker
362,Blue Splash,Unripe Banana,Yo-Yo,Necktie
361,Banana Peel,Normal Banana,Army Beret,Angel Wings
360,Pink Paradise,Bitten Banana,Star,Fairy Wings
359,Fire,Stained Banana,Frankenstein Hand,Rifle
358,Pink Paradise,Cracked Banana,Visor,Fairy Wings
357,Frankenstein,Cosmos Banana,Sores,Sword
356,NanaOs Xp,Naked Banana,King Crown,Control Panel
355,Fire,Cosmos Banana,Army Beret,Crypto Wallet
354,Starry Night,Red Banana,Screw,Chainsaw
353,NanaOs Xp,Frankenstein Banana,Evil Horns,Necktie
352,Holy Light,Face Banana,Worms,Control Panel
351,Maze,Unripe Banana,Star,Golden Pan
350,Hypno,Cracked Banana,Headband,Peeled Sticker
349,Leafy,Spooky Eye Banana,Stick Crown,Fairy Wand
348,Green Fire,Bitcoin Banana,Horns,Peeled Sticker
347,Pink Paradise,Spooky Eye Banana,Magician Hat,Hawaiian Leaf Skirt
346,Leafy,Mermaid Banana,Stick Crown,Rifle
345,Desert,Cosmos Banana,Hard Hat,Sword
344,Hypno,Red Banana,Headband,Solana Sticker
343,Leafy,Cow Banana,Headset,Peeled Sticker
342,Hypno,Banarchy Banana,Army Beret,Jet Pack
341,NanaOs Xp,Monkey Banana,Magician Hat,Crypto Wallet
340,Solana,Banarchy Banana,Banana Hat,Hawaiian Leaf Skirt
339,Grey Splash,Googly Eyes Banana,Sunglasses,Trident
338,Frankenstein,Cracked Banana,Sores,Control Panel
337,Green Fire,Green Banana,Stick Crown,Chainsaw
336,Banana Peel,Unripe Banana,Star,Holy Heart
335,Frankenstein,Banarchy Banana,Banana Hat,Mermaid Tail
334,Starry Night,Brown Banana,Screw,Frankenstein Bone
333,Starry Night,Zombie Banana,Basket Ball,Cow Udders
332,Circuit Board,Bitcoin Banana,Basket Ball,Fog Stick
331,Leafy,Solana Banana,Evil Horns,Frankenstein Bone
330,Fire,Forest Camo Banana,Worms,Holy Heart
329,Banana Peel,Solana Banana,Visor,Cow Udders
328,Grey Splash,Bitten Banana,Solana Sunglasses,Core
327,Hypno,Green Banana,Sweets,Golden Pan
326,Holy Light,Normal Banana,Headset,Crypto Wallet
325,Blue Splash,Spooky Eye Banana,Frankenstein Hand,Angel Wings
324,Ocean,Brown Banana,Laser,Sword
323,Maze,Plastic Banana,Worms,Angel Wings
322,Barbed Wire,Red Banana,Monocle,Party Horn
321,Fire,Googly Eyes Banana,Visor,Angel Wings
320,Desert,Bitten Banana,3D Glasses,Angel Wings
319,Starry Night,Face Banana,Evil Horns,Fairy Wings
318,Blood Bath,Naked Banana,King Crown,Crypto Wallet
317,Solana,Mermaid Banana,Headset,Necktie
316,Green Fire,Rainbow Banana,Star,Spoon
315,City Night,Plastic Banana,Frankenstein Hand,Bow Tie
314,Blue Splash,Empty Banana,Hard Hat,Hawaiian Leaf Skirt
313,Desert,Pink Banana,Headset,Jet Pack
312,Frankenstein,Stained Banana,Sweets,Trident
311,Blood Bath,Bitten Banana,Sharp Horns,Hawaiian Leaf Skirt
310,Blue Splash,Green Banana,Solana Sunglasses,Bow Tie
309,Green Fire,Cow Banana,Hard Hat,Sword
308,Solana,Cracked Banana,King Crown,Bow Tie
307,Frankenstein,Forest Camo Banana,Solana Green Hat,Hawaiian Leaf Skirt
306,Frankenstein,Pink Banana,Horns,Rifle
305,Ocean,Cracked Banana,Sores,Crypto Wallet
304,Circuit Board,Pink Banana,Over 9000,Core
303,Circuit Board,Cosmos Banana,Stick Crown,Fog Stick
302,Blue Splash,Fire Banana,Sunglasses,Golden Pan
301,Solana,Bitten Banana,Solana Green Hat,Mermaid Tail
300,Maze,Bitten Banana,Star,Trident
299,Blood Bath,Forest Camo Banana,Headset,Fog Stick
298,Holy Light,Cracked Banana,Banana Hat,Brand Sticker
297,City Night,Red Banana,Sharp Horns,Jet Pack
296,Banana Peel,Brown Banana,3D Glasses,Jet Pack
295,Solana,Green Banana,Visor,Fog Stick
294,Green Fire,Normal Banana,Magician Hat,Jet Pack
293,Circuit Board,Eggplant Banana,Golden Horns Collar,Bow Tie
292,Grey Splash,Red Banana,Over 9000,Crypto Wallet
291,Ocean,Forest Camo Banana,King Crown,Mermaid Tail
290,Green Fire,Rainbow Banana,Laser,Holy Heart
289,Starry Night,Banarchy Banana,Hard Hat,Jet Pack
288,Desert,Zombie Banana,Sores,Fairy Wings
287,Maze,Cow Banana,Stick Crown,Control Panel
286,Green Fire,Pink Banana,Sores,Frankenstein Bone
285,Holy Light,Stained Banana,Horns,Frankenstein Bone
284,Fire,Brown Banana,Skull,Core
283,Blood Bath,Unripe Banana,Solana Green Hat,Crypto Wallet
282,Blue Splash,Cow Banana,Ski Glasses,Brand Sticker
281,NanaOs Xp,Icy Banana,Headset,Peeled Sticker
280,Leafy,Rainbow Banana,Headset,Mermaid Tail
279,NanaOs Xp,Cracked Banana,Yo-Yo,Bow Tie
278,Grey Splash,Monkey Banana,Star,Sword
277,Leafy,Solana Banana,Visor,Spoon
276,Desert,Zombie Banana,Headband,Bat Wings
275,Grey Splash,Naked Banana,Sunglasses,Bow Tie
274,Banana Peel,Empty Banana,Banana Hat,Sword
273,Frankenstein,Stained Banana,Monocle,Fog Stick
272,Ocean,Cosmos Banana,Skull,Bat Wings
271,Starry Night,Naked Banana,Screw,Rifle
270,Maze,Empty Banana,Army Beret,Holy Heart
269,Blue Splash,Solana Banana,Skull,Control Panel
268,Pink Paradise,Pink Banana,Horns,Necktie
267,Starry Night,Naked Banana,Yo-Yo,Angel Wings
266,Hypno,Bitcoin Banana,Worms,Trident
265,Hypno,Normal Banana,Golden Horns Collar,Jet Pack
264,Holy Light,Bitten Banana,Magician Hat,Holy Heart
263,Blood Bath,Rainbow Banana,Basket Ball,Spoon
262,Maze,Fire Banana,Sores,Angel Wings
261,Hypno,Stained Banana,Screw,Golden Pan
260,Blue Splash,Bitcoin Banana,Yo-Yo,Fairy Wand
259,Hypno,Frankenstein Banana,Sores,Peeled Sticker
258,Holy Light,Bitten Banana,Sharp Horns,Control Panel
257,Fire,Green Banana,Magician Hat,Dog Tag
256,Maze,Cosmos Banana,King Crown,Angel Wings
255,Hypno,Zombie Banana,3D Glasses,Party Horn
254,Desert,Mermaid Banana,Sores,Frankenstein Bone
253,Starry Night,Googly Eyes Banana,Horns,Bow Tie
252,Maze,Robot Banana,Sores,Trident
251,Frankenstein,Banarchy Banana,Hard Hat,Spoon
250,Fire,Frankenstein Banana,Basket Ball,Angel Wings
249,NanaOs Xp,Monkey Banana,Stick Crown,Trident
248,Blue Splash,Cow Banana,Over 9000,Spoon
247,Frankenstein,Solana Banana,Headband,Solana Sticker
246,Fire,Empty Banana,Sweets,Brand Sticker
245,Grey Splash,Empty Banana,Over 9000,Jet Pack
244,Fire,Face Banana,Headset,Chainsaw
243,Frankenstein,Unripe Banana,Worms,Dog Tag
242,Solana,Googly Eyes Banana,Sweets,Chainsaw
241,City Night,Green Banana,Solana Green Hat,Party Horn
240,Grey Splash,Fire Banana,Sweets,Dog Tag
239,Leafy,Pink Banana,Horns,Rifle
238,Ocean,Face Banana,Screw,Gas Mask
237,Solana,Naked Banana,Stick Crown,Frankenstein Bone
236,Holy Light,Stained Banana,Monocle,Cow Collar
235,Barbed Wire,Unripe Banana,Ski Glasses,Crypto Wallet
234,City Night,Icy Banana,Over 9000,Cow Collar
233,Grey Splash,Zombie Banana,Frankenstein Hand,Dog Tag
232,Blue Splash,Banarchy Banana,Sores,Solana Sticker
231,Hypno,Rainbow Banana,Banana Hat,Banana
230,Ocean,Pink Banana,Over 9000,Fairy Wand
229,Desert,Icy Banana,Army Beret,Hawaiian Leaf Skirt
228,Grey Splash,Red Banana,Solana Sunglasses,Rifle
227,Pink Paradise,Googly Eyes Banana,Yo-Yo,Brand Sticker
226,Leafy,Face Banana,3D Glasses,Chainsaw
225,City Night,Rainbow Banana,Ski Glasses,Cow Udders
224,Fire,Face Banana,Headset,Cow Collar
223,Holy Light,Face Banana,Over 9000,Crypto Wallet
222,Maze,Googly Eyes Banana,Stick Crown,Banana
221,Pink Paradise,Naked Banana,Horns,Gas Mask
220,Frankenstein,Cosmos Banana,Magician Hat,Holy Heart
219,Maze,Forest Camo Banana,Sweets,Holy Heart
218,Ocean,Monkey Banana,Solana Green Hat,Jet Pack
217,Starry Night,Rainbow Banana,Sharp Horns,Bow Tie
216,Banana Peel,Fire Banana,Star,Holy Heart
215,Maze,Mermaid Banana,Sunglasses,Solana Sticker
214,Solana,Stained Banana,Magician Hat,Necktie
213,City Night,Cracked Banana,Worms,Peeled Sticker
212,Starry Night,Eggplant Banana,Magician Hat,Brand Sticker
211,Circuit Board,Fire Banana,Laser,Banana
210,Green Fire,Zombie Banana,Yo-Yo,Banana
209,Grey Splash,Bitcoin Banana,Solana Green Hat,Holy Heart
208,Ocean,Cosmos Banana,Worms,Mermaid Tail
207,Pink Paradise,Normal Banana,Magician Hat,Fairy Wand
206,Circuit Board,Red Banana,Golden Horns Collar,Chainsaw
205,Holy Light,Banarchy Banana,Worms,Jet Pack
204,Blood Bath,Fire Banana,Stick Crown,Control Panel
203,Maze,Cow Banana,Hard Hat,Bat Wings
202,Grey Splash,Brown Banana,King Crown,Necktie
201,Barbed Wire,Cracked Banana,Basket Ball,Angel Wings
200,Pink Paradise,Zombie Banana,Solana Green Hat,Fairy Wings
199,Desert,Unripe Banana,Solana Sunglasses,Angel Wings
198,Ocean,Forest Camo Banana,Sores,Hawaiian Leaf Skirt
197,Grey Splash,Icy Banana,Laser,Angel Wings
196,Hypno,Green Banana,Magician Hat,Golden Pan
195,Blood Bath,Pink Banana,Yo-Yo,Gas Mask
194,Fire,Bitcoin Banana,Solana Sunglasses,Golden Pan
193,Maze,Cosmos Banana,Star,Chainsaw
192,Leafy,Brown Banana,Solana Green Hat,Sword
191,Frankenstein,Cow Banana,Sores,Cow Udders
190,Solana,Monkey Banana,Screw,Holy Heart
189,Maze,Mermaid Banana,Golden Horns Collar,Fairy Wings
188,Hypno,Solana Banana,Sunglasses,Golden Pan
187,City Night,Bitcoin Banana,Evil Horns,Mermaid Tail
186,Ocean,Frankenstein Banana,Sharp Horns,Bat Wings
185,Holy Light,Cosmos Banana,Army Beret,Core
184,Fire,Eggplant Banana,Sweets,Bat Wings
183,Hypno,Googly Eyes Banana,Skull,Jet Pack
182,Grey Splash,Eggplant Banana,Sunglasses,Hawaiian Leaf Skirt
181,Blue Splash,Monkey Banana,Solana Green Hat,Chainsaw
180,City Night,Solana Banana,Monocle,Mermaid Tail
179,City Night,Robot Banana,Star,Fog Stick
178,Banana Peel,Normal Banana,3D Glasses,Crypto Wallet
177,Holy Light,Banarchy Banana,Headband,Brand Sticker
176,Circuit Board,Solana Banana,Worms,Crypto Wallet
175,Desert,Unripe Banana,Screw,Fairy Wings
174,Grey Splash,Spooky Eye Banana,Stick Crown,Dog Tag
173,Blood Bath,Cow Banana,Solana Sunglasses,Fairy Wings
172,Starry Night,Unripe Banana,Visor,Bat Wings
171,Grey Splash,Icy Banana,Frankenstein Hand,Mermaid Tail
170,Circuit Board,Pink Banana,Army Beret,Spoon
169,Leafy,Naked Banana,Army Beret,Dog Tag
168,City Night,Unripe Banana,Headset,Hawaiian Leaf Skirt
167,NanaOs Xp,Unripe Banana,Frankenstein Hand,Cow Udders
166,NanaOs Xp,Cow Banana,Army Beret,Bow Tie
165,NanaOs Xp,Cow Banana,Basket Ball,Holy Heart
164,Fire,Plastic Banana,Over 9000,Chainsaw
163,Leafy,Bitcoin Banana,Visor,Dog Tag
162,Frankenstein,Spooky Eye Banana,Monocle,Trident
161,Green Fire,Pink Banana,Ski Glasses,Control Panel
160,Holy Light,Empty Banana,3D Glasses,Rifle
159,NanaOs Xp,Icy Banana,Skull,Crypto Wallet
158,Starry Night,Brown Banana,Headband,Party Horn
157,Holy Light,Monkey Banana,Hard Hat,Jet Pack
156,Blue Splash,Zombie Banana,Sharp Horns,Bat Wings
155,Green Fire,Red Banana,Hard Hat,Fairy Wand
154,NanaOs Xp,Cosmos Banana,3D Glasses,Party Horn
153,Leafy,Plastic Banana,Magician Hat,Spoon
152,Green Fire,Frankenstein Banana,Worms,Spoon
151,NanaOs Xp,Icy Banana,Hard Hat,Necktie
150,City Night,Icy Banana,Stick Crown,Banana
149,NanaOs Xp,Empty Banana,Laser,Peeled Sticker
148,Starry Night,Cracked Banana,Laser,Brand Sticker
147,Banana Peel,Fire Banana,Sharp Horns,Hawaiian Leaf Skirt
146,Maze,Eggplant Banana,Monocle,Angel Wings
145,Banana Peel,Forest Camo Banana,3D Glasses,Spoon
144,Blue Splash,Spooky Eye Banana,Sores,Rifle
143,Blood Bath,Fire Banana,Banana Hat,Golden Pan
142,City Night,Stained Banana,Frankenstein Hand,Hawaiian Leaf Skirt
141,Fire,Cosmos Banana,Hard Hat,Mermaid Tail
140,Banana Peel,Rainbow Banana,Star,Cow Udders
139,Pink Paradise,Zombie Banana,Monocle,Solana Sticker
138,Barbed Wire,Forest Camo Banana,Army Beret,Golden Pan
137,Leafy,Brown Banana,Magician Hat,Party Horn
136,Holy Light,Brown Banana,Banana Hat,Cow Udders
135,Circuit Board,Solana Banana,Hard Hat,Jet Pack
134,Fire,Brown Banana,Monocle,Angel Wings
133,Blood Bath,Red Banana,Sunglasses,Trident
132,Maze,Cow Banana,Magician Hat,Peeled Sticker
131,Leafy,Eggplant Banana,Star,Angel Wings
130,Green Fire,Googly Eyes Banana,Headband,Solana Sticker
129,Green Fire,Pink Banana,Skull,Frankenstein Bone
128,Holy Light,Normal Banana,Evil Horns,Hawaiian Leaf Skirt
127,Holy Light,Green Banana,Screw,Golden Pan
126,Green Fire,Pink Banana,Ski Glasses,Chainsaw
125,Starry Night,Fire Banana,3D Glasses,Holy Heart
124,Circuit Board,Bitcoin Banana,Sunglasses,Jet Pack
123,Barbed Wire,Googly Eyes Banana,3D Glasses,Trident
122,Holy Light,Spooky Eye Banana,3D Glasses,Brand Sticker
121,Green Fire,Red Banana,Hard Hat,Cow Udders
120,Ocean,Robot Banana,Sunglasses,Cow Udders
119,Green Fire,Green Banana,Frankenstein Hand,Fog Stick
118,Desert,Spooky Eye Banana,Over 9000,Golden Pan
117,NanaOs Xp,Spooky Eye Banana,Sweets,Golden Pan
116,Starry Night,Icy Banana,Golden Horns Collar,Jet Pack
115,Blue Splash,Spooky Eye Banana,Laser,Hawaiian Leaf Skirt
114,Barbed Wire,Cosmos Banana,3D Glasses,Bow Tie
113,Ocean,Mermaid Banana,Sores,Crypto Wallet
112,Frankenstein,Zombie Banana,King Crown,Frankenstein Bone
111,Blood Bath,Bitcoin Banana,Solana Sunglasses,Control Panel
110,Desert,Eggplant Banana,3D Glasses,Party Horn
109,Ocean,Monkey Banana,Worms,Bow Tie
108,Holy Light,Cracked Banana,Hard Hat,Fairy Wand
107,Solana,Cow Banana,Monocle,Holy Heart
106,Ocean,Bitten Banana,3D Glasses,Sword
105,NanaOs Xp,Solana Banana,Sunglasses,Cow Udders
104,Solana,Forest Camo Banana,Monocle,Jet Pack
103,Fire,Cosmos Banana,Magician Hat,Sword
102,Grey Splash,Frankenstein Banana,Sharp Horns,Crypto Wallet
101,Grey Splash,Cosmos Banana,Banana Hat,Cow Collar
100,Maze,Spooky Eye Banana,Magician Hat,Trident
99,Solana,Monkey Banana,King Crown,Peeled Sticker
98,Green Fire,Cow Banana,Golden Horns Collar,Hawaiian Leaf Skirt
97,Leafy,Robot Banana,Laser,Cow Udders
96,Starry Night,Spooky Eye Banana,Skull,Fog Stick
95,Holy Light,Bitten Banana,Skull,Bow Tie
94,City Night,Solana Banana,Sharp Horns,Fairy Wings
93,Banana Peel,Cosmos Banana,Visor,Crypto Wallet
92,Solana,Bitcoin Banana,Star,Brand Sticker
91,Frankenstein,Plastic Banana,Over 9000,Jet Pack
90,Barbed Wire,Bitcoin Banana,Yo-Yo,Cow Collar
89,Frankenstein,Eggplant Banana,Evil Horns,Mermaid Tail
88,Blood Bath,Cow Banana,Stick Crown,Frankenstein Bone
87,Banana Peel,Bitten Banana,Sharp Horns,Brand Sticker
86,Circuit Board,Plastic Banana,Sores,Chainsaw
85,Ocean,Stained Banana,Monocle,Core
84,NanaOs Xp,Unripe Banana,Yo-Yo,Cow Collar
83,Banana Peel,Cosmos Banana,Army Beret,Sword
82,Grey Splash,Solana Banana,Evil Horns,Fog Stick
81,Ocean,Bitcoin Banana,Laser,Trident
80,Banana Peel,Naked Banana,Skull,Fairy Wings
79,Ocean,Red Banana,Sharp Horns,Holy Heart
78,Green Fire,Robot Banana,3D Glasses,Cow Collar
77,Ocean,Red Banana,Basket Ball,Solana Sticker
76,Pink Paradise,Banarchy Banana,3D Glasses,Core
75,Barbed Wire,Fire Banana,Magician Hat,Gas Mask
74,Banana Peel,Cracked Banana,Laser,Spoon
73,Starry Night,Eggplant Banana,Army Beret,Solana Sticker
72,Maze,Cosmos Banana,Monocle,Necktie
71,Banana Peel,Plastic Banana,Banana Hat,Brand Sticker
70,Green Fire,Solana Banana,Evil Horns,Dog Tag
69,Desert,Mermaid Banana,Basket Ball,Brand Sticker
68,Blood Bath,Googly Eyes Banana,Ski Glasses,Holy Heart
67,Solana,Monkey Banana,Golden Horns Collar,Peeled Sticker
66,Frankenstein,Fire Banana,Screw,Angel Wings
65,Desert,Empty Banana,Sores,Necktie
64,NanaOs Xp,Naked Banana,Sunglasses,Trident
63,Desert,Cosmos Banana,Golden Horns Collar,Crypto Wallet
62,Fire,Fire Banana,Golden Horns Collar,Bat Wings
61,NanaOs Xp,Rainbow Banana,3D Glasses,Fairy Wand
60,Hypno,Zombie Banana,Visor,Necktie
59,Barbed Wire,Face Banana,Stick Crown,Frankenstein Bone
58,Frankenstein,Unripe Banana,Headset,Brand Sticker
57,Desert,Frankenstein Banana,Over 9000,Rifle
56,Desert,Monkey Banana,Sharp Horns,Sword
55,Starry Night,Bitten Banana,Monocle,Holy Heart
54,Blue Splash,Cosmos Banana,King Crown,Control Panel
53,Pink Paradise,Bitten Banana,Skull,Control Panel
52,Fire,Green Banana,Basket Ball,Frankenstein Bone
51,Frankenstein,Icy Banana,Magician Hat,Banana
50,Fire,Spooky Eye Banana,Frankenstein Hand,Control Panel
49,Starry Night,Face Banana,Horns,Gas Mask
48,Grey Splash,Spooky Eye Banana,Ski Glasses,Frankenstein Bone
47,Pink Paradise,Brown Banana,Yo-Yo,Bat Wings
46,Grey Splash,Cosmos Banana,Monocle,Cow Collar
45,Holy Light,Bitcoin Banana,Sunglasses,Fairy Wand
44,Green Fire,Solana Banana,Laser,Party Horn
43,Leafy,Unripe Banana,Over 9000,Jet Pack
42,Fire,Face Banana,Sharp Horns,Bat Wings
41,Banana Peel,Stained Banana,Visor,Bow Tie
40,Fire,Mermaid Banana,Headset,Fairy Wand
39,City Night,Forest Camo Banana,Sunglasses,Rifle
38,Ocean,Eggplant Banana,Laser,Dog Tag
37,Blue Splash,Monkey Banana,Solana Green Hat,Banana
36,Green Fire,Eggplant Banana,Worms,Crypto Wallet
35,Barbed Wire,Plastic Banana,Visor,Cow Collar
34,Ocean,Normal Banana,Over 9000,Core
33,Ocean,Rainbow Banana,Sunglasses,Spoon
32,Banana Peel,Bitcoin Banana,Over 9000,Party Horn
31,Green Fire,Googly Eyes Banana,Sweets,Frankenstein Bone
30,Fire,Normal Banana,Magician Hat,Golden Pan
29,Blood Bath,Monkey Banana,Worms,Jet Pack
28,Holy Light,Banarchy Banana,Headset,Chainsaw
27,Blood Bath,Spooky Eye Banana,Magician Hat,Hawaiian Leaf Skirt
26,Hypno,Pink Banana,Sweets,Rifle
25,Hypno,Icy Banana,Frankenstein Hand,Peeled Sticker
24,Leafy,Pink Banana,Sores,Bat Wings
23,Blood Bath,Eggplant Banana,Skull,Solana Sticker
22,Ocean,Plastic Banana,Screw,Hawaiian Leaf Skirt
21,Barbed Wire,Googly Eyes Banana,Worms,Frankenstein Bone
20,Fire,Solana Banana,Yo-Yo,Cow Udders
18,Banana Peel,Robot Banana,Headband,Solana Sticker
17,Green Fire,Rainbow Banana,Ski Glasses,Spoon
16,City Night,Googly Eyes Banana,Worms,Chainsaw
15,Frankenstein,Bitcoin Banana,Sweets,Rifle
14,Solana,Zombie Banana,Over 9000,Bow Tie
13,Blood Bath,Frankenstein Banana,Skull,Jet Pack
12,Pink Paradise,Face Banana,Headband,Spoon
11,Solana,Banarchy Banana,Over 9000,Angel Wings
10,Maze,Brown Banana,Magician Hat,Golden Pan
9,Pink Paradise,Googly Eyes Banana,Headset,Core
8,Starry Night,Naked Banana,Solana Sunglasses,Holy Heart
7,NanaOs Xp,Cosmos Banana,Sharp Horns,Brand Sticker
6,Blood Bath,Face Banana,Solana Sunglasses,Bat Wings
5,Fire,Green Banana,Sores,Brand Sticker
4,Pink Paradise,Solana Banana,Evil Horns,Angel Wings
3,Banana Peel,Cosmos Banana,Monocle,Control Panel
2,Circuit Board,Zombie Banana,Worms,Solana Sticker
1,Fire,Frankenstein Banana,Frankenstein Hand,Chainsaw
0,Ocean,Cosmos Banana,Worms,Solana Sticker